model,accuracy,precision,recall,f1
TF-IDF + Logistic Regression,0.9896413455112497,0.9854031510658017,0.9929955638571095,0.9891847889289452
