model,accuracy,precision,recall,f1
TF-IDF + Naive Bayes,0.9459790599242593,0.9414225941422594,0.9455988792902171,0.943506115317414
