language,model,accuracy,precision,recall,f1
Korean,TF-IDF + Naive Bayes,0.6523702031602708,0.8409090909090909,0.34579439252336447,0.4900662251655629
