language,model,accuracy,precision,recall,f1
Hindi,xlm-roberta-base,0.8533333333333334,0.83,0.8706293706293706,0.8498293515358362
