language,model,accuracy,precision,recall,f1
Korean,xlm-roberta-base,0.6388261851015802,0.7872340425531915,0.34579439252336447,0.4805194805194805
